simulation_id,simulation_seed,simulation_date_time,simulation_num_games,game_id,game_name,game_number,game_seed,player_name,player_class,player_choose_card_strategy,player_choose_row_strategy,is_winner,total_points,round_1_points,round_2_points,round_3_points,round_4_points
6d487bfb-a76b-41a6-b3e0-7b5bdd6c6be5,42,2025-10-12 21:19:30.069026,100,17,2 min and 1 RL evolution strategy player,0,893,Min player 1,MinPlayer,LevelChooseCardStrategy,MinPointsChooseRowStrategy,False,55,10,21,0,24
6d487bfb-a76b-41a6-b3e0-7b5bdd6c6be5,42,2025-10-12 21:19:30.069026,100,17,2 min and 1 RL evolution strategy player,0,893,Min player 2,MinPlayer,LevelChooseCardStrategy,MinPointsChooseRowStrategy,True,47,18,13,4,12
6d487bfb-a76b-41a6-b3e0-7b5bdd6c6be5,42,2025-10-12 21:19:30.069026,100,17,2 min and 1 RL evolution strategy player,0,893,RL ES player 1 - learner,RLEvolutionStrategyPlayer,RLEvolutionStrategyChooseCardStrategy,MinPointsChooseRowStrategy,False,53,16,12,21,4
6d487bfb-a76b-41a6-b3e0-7b5bdd6c6be5,42,2025-10-12 21:19:30.069026,100,17,2 min and 1 RL evolution strategy player,1,7739,Min player 1,MinPlayer,LevelChooseCardStrategy,MinPointsChooseRowStrategy,False,53,6,25,9,13
6d487bfb-a76b-41a6-b3e0-7b5bdd6c6be5,42,2025-10-12 21:19:30.069026,100,17,2 min and 1 RL evolution strategy player,1,7739,Min player 2,MinPlayer,LevelChooseCardStrategy,MinPointsChooseRowStrategy,False,46,15,2,14,15
6d487bfb-a76b-41a6-b3e0-7b5bdd6c6be5,42,2025-10-12 21:19:30.069026,100,17,2 min and 1 RL evolution strategy player,1,7739,RL ES player 1 - learner,RLEvolutionStrategyPlayer,RLEvolutionStrategyChooseCardStrategy,MinPointsChooseRowStrategy,True,45,12,13,7,13
6d487bfb-a76b-41a6-b3e0-7b5bdd6c6be5,42,2025-10-12 21:19:30.069026,100,17,2 min and 1 RL evolution strategy player,2,6546,Min player 1,MinPlayer,LevelChooseCardStrategy,MinPointsChooseRowStrategy,False,70,20,16,28,6
6d487bfb-a76b-41a6-b3e0-7b5bdd6c6be5,42,2025-10-12 21:19:30.069026,100,17,2 min and 1 RL evolution strategy player,2,6546,Min player 2,MinPlayer,LevelChooseCardStrategy,MinPointsChooseRowStrategy,False,54,13,20,11,10
6d487bfb-a76b-41a6-b3e0-7b5bdd6c6be5,42,2025-10-12 21:19:30.069026,100,17,2 min and 1 RL evolution strategy player,2,6546,RL ES player 1 - learner,RLEvolutionStrategyPlayer,RLEvolutionStrategyChooseCardStrategy,MinPointsChooseRowStrategy,True,27,2,12,5,8
6d487bfb-a76b-41a6-b3e0-7b5bdd6c6be5,42,2025-10-12 21:19:30.069026,100,17,2 min and 1 RL evolution strategy player,3,4389,Min player 1,MinPlayer,LevelChooseCardStrategy,MinPointsChooseRowStrategy,False,51,15,8,7,21
6d487bfb-a76b-41a6-b3e0-7b5bdd6c6be5,42,2025-10-12 21:19:30.069026,100,17,2 min and 1 RL evolution strategy player,3,4389,Min player 2,MinPlayer,LevelChooseCardStrategy,MinPointsChooseRowStrategy,False,57,17,21,8,11
6d487bfb-a76b-41a6-b3e0-7b5bdd6c6be5,42,2025-10-12 21:19:30.069026,100,17,2 min and 1 RL evolution strategy player,3,4389,RL ES player 1 - learner,RLEvolutionStrategyPlayer,RLEvolutionStrategyChooseCardStrategy,MinPointsChooseRowStrategy,True,46,4,12,21,9
6d487bfb-a76b-41a6-b3e0-7b5bdd6c6be5,42,2025-10-12 21:19:30.069026,100,17,2 min and 1 RL evolution strategy player,4,4330,Min player 1,MinPlayer,LevelChooseCardStrategy,MinPointsChooseRowStrategy,True,29,10,3,16,0
6d487bfb-a76b-41a6-b3e0-7b5bdd6c6be5,42,2025-10-12 21:19:30.069026,100,17,2 min and 1 RL evolution strategy player,4,4330,Min player 2,MinPlayer,LevelChooseCardStrategy,MinPointsChooseRowStrategy,False,85,16,34,8,27
6d487bfb-a76b-41a6-b3e0-7b5bdd6c6be5,42,2025-10-12 21:19:30.069026,100,17,2 min and 1 RL evolution strategy player,4,4330,RL ES player 1 - learner,RLEvolutionStrategyPlayer,RLEvolutionStrategyChooseCardStrategy,MinPointsChooseRowStrategy,False,42,5,16,9,12
6d487bfb-a76b-41a6-b3e0-7b5bdd6c6be5,42,2025-10-12 21:19:30.069026,100,17,2 min and 1 RL evolution strategy player,5,8586,Min player 1,MinPlayer,LevelChooseCardStrategy,MinPointsChooseRowStrategy,False,56,11,24,15,6
6d487bfb-a76b-41a6-b3e0-7b5bdd6c6be5,42,2025-10-12 21:19:30.069026,100,17,2 min and 1 RL evolution strategy player,5,8586,Min player 2,MinPlayer,LevelChooseCardStrategy,MinPointsChooseRowStrategy,True,28,7,6,1,14
6d487bfb-a76b-41a6-b3e0-7b5bdd6c6be5,42,2025-10-12 21:19:30.069026,100,17,2 min and 1 RL evolution strategy player,5,8586,RL ES player 1 - learner,RLEvolutionStrategyPlayer,RLEvolutionStrategyChooseCardStrategy,MinPointsChooseRowStrategy,False,41,6,0,18,17
6d487bfb-a76b-41a6-b3e0-7b5bdd6c6be5,42,2025-10-12 21:19:30.069026,100,17,2 min and 1 RL evolution strategy player,6,860,Min player 1,MinPlayer,LevelChooseCardStrategy,MinPointsChooseRowStrategy,False,50,0,13,16,21
6d487bfb-a76b-41a6-b3e0-7b5bdd6c6be5,42,2025-10-12 21:19:30.069026,100,17,2 min and 1 RL evolution strategy player,6,860,Min player 2,MinPlayer,LevelChooseCardStrategy,MinPointsChooseRowStrategy,False,48,26,0,10,12
6d487bfb-a76b-41a6-b3e0-7b5bdd6c6be5,42,2025-10-12 21:19:30.069026,100,17,2 min and 1 RL evolution strategy player,6,860,RL ES player 1 - learner,RLEvolutionStrategyPlayer,RLEvolutionStrategyChooseCardStrategy,MinPointsChooseRowStrategy,True,42,14,11,9,8
6d487bfb-a76b-41a6-b3e0-7b5bdd6c6be5,42,2025-10-12 21:19:30.069026,100,17,2 min and 1 RL evolution strategy player,7,6973,Min player 1,MinPlayer,LevelChooseCardStrategy,MinPointsChooseRowStrategy,False,72,23,25,7,17
6d487bfb-a76b-41a6-b3e0-7b5bdd6c6be5,42,2025-10-12 21:19:30.069026,100,17,2 min and 1 RL evolution strategy player,7,6973,Min player 2,MinPlayer,LevelChooseCardStrategy,MinPointsChooseRowStrategy,False,57,23,8,8,18
6d487bfb-a76b-41a6-b3e0-7b5bdd6c6be5,42,2025-10-12 21:19:30.069026,100,17,2 min and 1 RL evolution strategy player,7,6973,RL ES player 1 - learner,RLEvolutionStrategyPlayer,RLEvolutionStrategyChooseCardStrategy,MinPointsChooseRowStrategy,True,24,5,11,6,2
6d487bfb-a76b-41a6-b3e0-7b5bdd6c6be5,42,2025-10-12 21:19:30.069026,100,17,2 min and 1 RL evolution strategy player,8,2015,Min player 1,MinPlayer,LevelChooseCardStrategy,MinPointsChooseRowStrategy,False,60,12,28,9,11
6d487bfb-a76b-41a6-b3e0-7b5bdd6c6be5,42,2025-10-12 21:19:30.069026,100,17,2 min and 1 RL evolution strategy player,8,2015,Min player 2,MinPlayer,LevelChooseCardStrategy,MinPointsChooseRowStrategy,False,62,13,9,21,19
6d487bfb-a76b-41a6-b3e0-7b5bdd6c6be5,42,2025-10-12 21:19:30.069026,100,17,2 min and 1 RL evolution strategy player,8,2015,RL ES player 1 - learner,RLEvolutionStrategyPlayer,RLEvolutionStrategyChooseCardStrategy,MinPointsChooseRowStrategy,True,33,4,11,9,9
6d487bfb-a76b-41a6-b3e0-7b5bdd6c6be5,42,2025-10-12 21:19:30.069026,100,17,2 min and 1 RL evolution strategy player,9,942,Min player 1,MinPlayer,LevelChooseCardStrategy,MinPointsChooseRowStrategy,True,25,10,0,6,9
6d487bfb-a76b-41a6-b3e0-7b5bdd6c6be5,42,2025-10-12 21:19:30.069026,100,17,2 min and 1 RL evolution strategy player,9,942,Min player 2,MinPlayer,LevelChooseCardStrategy,MinPointsChooseRowStrategy,False,55,14,18,15,8
6d487bfb-a76b-41a6-b3e0-7b5bdd6c6be5,42,2025-10-12 21:19:30.069026,100,17,2 min and 1 RL evolution strategy player,9,942,RL ES player 1 - learner,RLEvolutionStrategyPlayer,RLEvolutionStrategyChooseCardStrategy,MinPointsChooseRowStrategy,False,47,12,10,6,19
6d487bfb-a76b-41a6-b3e0-7b5bdd6c6be5,42,2025-10-12 21:19:30.069026,100,17,2 min and 1 RL evolution strategy player,10,5265,Min player 1,MinPlayer,LevelChooseCardStrategy,MinPointsChooseRowStrategy,True,40,0,20,14,6
6d487bfb-a76b-41a6-b3e0-7b5bdd6c6be5,42,2025-10-12 21:19:30.069026,100,17,2 min and 1 RL evolution strategy player,10,5265,Min player 2,MinPlayer,LevelChooseCardStrategy,MinPointsChooseRowStrategy,False,60,18,2,20,20
6d487bfb-a76b-41a6-b3e0-7b5bdd6c6be5,42,2025-10-12 21:19:30.069026,100,17,2 min and 1 RL evolution strategy player,10,5265,RL ES player 1 - learner,RLEvolutionStrategyPlayer,RLEvolutionStrategyChooseCardStrategy,MinPointsChooseRowStrategy,False,44,21,18,0,5
6d487bfb-a76b-41a6-b3e0-7b5bdd6c6be5,42,2025-10-12 21:19:30.069026,100,17,2 min and 1 RL evolution strategy player,11,9756,Min player 1,MinPlayer,LevelChooseCardStrategy,MinPointsChooseRowStrategy,False,54,29,9,6,10
6d487bfb-a76b-41a6-b3e0-7b5bdd6c6be5,42,2025-10-12 21:19:30.069026,100,17,2 min and 1 RL evolution strategy player,11,9756,Min player 2,MinPlayer,LevelChooseCardStrategy,MinPointsChooseRowStrategy,False,64,0,18,28,18
6d487bfb-a76b-41a6-b3e0-7b5bdd6c6be5,42,2025-10-12 21:19:30.069026,100,17,2 min and 1 RL evolution strategy player,11,9756,RL ES player 1 - learner,RLEvolutionStrategyPlayer,RLEvolutionStrategyChooseCardStrategy,MinPointsChooseRowStrategy,True,40,13,9,2,16
6d487bfb-a76b-41a6-b3e0-7b5bdd6c6be5,42,2025-10-12 21:19:30.069026,100,17,2 min and 1 RL evolution strategy player,12,7357,Min player 1,MinPlayer,LevelChooseCardStrategy,MinPointsChooseRowStrategy,False,59,5,11,21,22
6d487bfb-a76b-41a6-b3e0-7b5bdd6c6be5,42,2025-10-12 21:19:30.069026,100,17,2 min and 1 RL evolution strategy player,12,7357,Min player 2,MinPlayer,LevelChooseCardStrategy,MinPointsChooseRowStrategy,True,42,23,8,0,11
6d487bfb-a76b-41a6-b3e0-7b5bdd6c6be5,42,2025-10-12 21:19:30.069026,100,17,2 min and 1 RL evolution strategy player,12,7357,RL ES player 1 - learner,RLEvolutionStrategyPlayer,RLEvolutionStrategyChooseCardStrategy,MinPointsChooseRowStrategy,False,48,12,7,25,4
6d487bfb-a76b-41a6-b3e0-7b5bdd6c6be5,42,2025-10-12 21:19:30.069026,100,17,2 min and 1 RL evolution strategy player,13,7611,Min player 1,MinPlayer,LevelChooseCardStrategy,MinPointsChooseRowStrategy,False,64,22,23,8,11
6d487bfb-a76b-41a6-b3e0-7b5bdd6c6be5,42,2025-10-12 21:19:30.069026,100,17,2 min and 1 RL evolution strategy player,13,7611,Min player 2,MinPlayer,LevelChooseCardStrategy,MinPointsChooseRowStrategy,True,25,6,1,0,18
6d487bfb-a76b-41a6-b3e0-7b5bdd6c6be5,42,2025-10-12 21:19:30.069026,100,17,2 min and 1 RL evolution strategy player,13,7611,RL ES player 1 - learner,RLEvolutionStrategyPlayer,RLEvolutionStrategyChooseCardStrategy,MinPointsChooseRowStrategy,False,79,7,27,24,21
6d487bfb-a76b-41a6-b3e0-7b5bdd6c6be5,42,2025-10-12 21:19:30.069026,100,17,2 min and 1 RL evolution strategy player,14,7175,Min player 1,MinPlayer,LevelChooseCardStrategy,MinPointsChooseRowStrategy,True,2,1,0,1,0
6d487bfb-a76b-41a6-b3e0-7b5bdd6c6be5,42,2025-10-12 21:19:30.069026,100,17,2 min and 1 RL evolution strategy player,14,7175,Min player 2,MinPlayer,LevelChooseCardStrategy,MinPointsChooseRowStrategy,False,90,18,16,17,39
6d487bfb-a76b-41a6-b3e0-7b5bdd6c6be5,42,2025-10-12 21:19:30.069026,100,17,2 min and 1 RL evolution strategy player,14,7175,RL ES player 1 - learner,RLEvolutionStrategyPlayer,RLEvolutionStrategyChooseCardStrategy,MinPointsChooseRowStrategy,False,45,16,7,14,8
6d487bfb-a76b-41a6-b3e0-7b5bdd6c6be5,42,2025-10-12 21:19:30.069026,100,17,2 min and 1 RL evolution strategy player,15,7860,Min player 1,MinPlayer,LevelChooseCardStrategy,MinPointsChooseRowStrategy,False,48,5,14,16,13
6d487bfb-a76b-41a6-b3e0-7b5bdd6c6be5,42,2025-10-12 21:19:30.069026,100,17,2 min and 1 RL evolution strategy player,15,7860,Min player 2,MinPlayer,LevelChooseCardStrategy,MinPointsChooseRowStrategy,True,34,18,5,5,6
6d487bfb-a76b-41a6-b3e0-7b5bdd6c6be5,42,2025-10-12 21:19:30.069026,100,17,2 min and 1 RL evolution strategy player,15,7860,RL ES player 1 - learner,RLEvolutionStrategyPlayer,RLEvolutionStrategyChooseCardStrategy,MinPointsChooseRowStrategy,False,40,9,11,6,14
6d487bfb-a76b-41a6-b3e0-7b5bdd6c6be5,42,2025-10-12 21:19:30.069026,100,17,2 min and 1 RL evolution strategy player,16,5132,Min player 1,MinPlayer,LevelChooseCardStrategy,MinPointsChooseRowStrategy,True,29,0,16,7,6
6d487bfb-a76b-41a6-b3e0-7b5bdd6c6be5,42,2025-10-12 21:19:30.069026,100,17,2 min and 1 RL evolution strategy player,16,5132,Min player 2,MinPlayer,LevelChooseCardStrategy,MinPointsChooseRowStrategy,False,41,8,7,11,15
6d487bfb-a76b-41a6-b3e0-7b5bdd6c6be5,42,2025-10-12 21:19:30.069026,100,17,2 min and 1 RL evolution strategy player,16,5132,RL ES player 1 - learner,RLEvolutionStrategyPlayer,RLEvolutionStrategyChooseCardStrategy,MinPointsChooseRowStrategy,False,44,19,8,8,9
6d487bfb-a76b-41a6-b3e0-7b5bdd6c6be5,42,2025-10-12 21:19:30.069026,100,17,2 min and 1 RL evolution strategy player,17,1282,Min player 1,MinPlayer,LevelChooseCardStrategy,MinPointsChooseRowStrategy,False,64,19,1,22,22
6d487bfb-a76b-41a6-b3e0-7b5bdd6c6be5,42,2025-10-12 21:19:30.069026,100,17,2 min and 1 RL evolution strategy player,17,1282,Min player 2,MinPlayer,LevelChooseCardStrategy,MinPointsChooseRowStrategy,False,47,5,30,4,8
6d487bfb-a76b-41a6-b3e0-7b5bdd6c6be5,42,2025-10-12 21:19:30.069026,100,17,2 min and 1 RL evolution strategy player,17,1282,RL ES player 1 - learner,RLEvolutionStrategyPlayer,RLEvolutionStrategyChooseCardStrategy,MinPointsChooseRowStrategy,True,38,10,17,8,3
6d487bfb-a76b-41a6-b3e0-7b5bdd6c6be5,42,2025-10-12 21:19:30.069026,100,17,2 min and 1 RL evolution strategy player,18,8397,Min player 1,MinPlayer,LevelChooseCardStrategy,MinPointsChooseRowStrategy,False,66,2,12,12,40
6d487bfb-a76b-41a6-b3e0-7b5bdd6c6be5,42,2025-10-12 21:19:30.069026,100,17,2 min and 1 RL evolution strategy player,18,8397,Min player 2,MinPlayer,LevelChooseCardStrategy,MinPointsChooseRowStrategy,False,61,15,18,22,6
6d487bfb-a76b-41a6-b3e0-7b5bdd6c6be5,42,2025-10-12 21:19:30.069026,100,17,2 min and 1 RL evolution strategy player,18,8397,RL ES player 1 - learner,RLEvolutionStrategyPlayer,RLEvolutionStrategyChooseCardStrategy,MinPointsChooseRowStrategy,True,46,18,10,10,8
6d487bfb-a76b-41a6-b3e0-7b5bdd6c6be5,42,2025-10-12 21:19:30.069026,100,17,2 min and 1 RL evolution strategy player,19,4504,Min player 1,MinPlayer,LevelChooseCardStrategy,MinPointsChooseRowStrategy,False,50,13,7,14,16
6d487bfb-a76b-41a6-b3e0-7b5bdd6c6be5,42,2025-10-12 21:19:30.069026,100,17,2 min and 1 RL evolution strategy player,19,4504,Min player 2,MinPlayer,LevelChooseCardStrategy,MinPointsChooseRowStrategy,False,62,16,21,10,15
6d487bfb-a76b-41a6-b3e0-7b5bdd6c6be5,42,2025-10-12 21:19:30.069026,100,17,2 min and 1 RL evolution strategy player,19,4504,RL ES player 1 - learner,RLEvolutionStrategyPlayer,RLEvolutionStrategyChooseCardStrategy,MinPointsChooseRowStrategy,True,36,11,7,13,5
6d487bfb-a76b-41a6-b3e0-7b5bdd6c6be5,42,2025-10-12 21:19:30.069026,100,17,2 min and 1 RL evolution strategy player,20,5004,Min player 1,MinPlayer,LevelChooseCardStrategy,MinPointsChooseRowStrategy,False,58,6,10,10,32
6d487bfb-a76b-41a6-b3e0-7b5bdd6c6be5,42,2025-10-12 21:19:30.069026,100,17,2 min and 1 RL evolution strategy player,20,5004,Min player 2,MinPlayer,LevelChooseCardStrategy,MinPointsChooseRowStrategy,False,74,9,22,30,13
6d487bfb-a76b-41a6-b3e0-7b5bdd6c6be5,42,2025-10-12 21:19:30.069026,100,17,2 min and 1 RL evolution strategy player,20,5004,RL ES player 1 - learner,RLEvolutionStrategyPlayer,RLEvolutionStrategyChooseCardStrategy,MinPointsChooseRowStrategy,True,34,18,6,3,7
6d487bfb-a76b-41a6-b3e0-7b5bdd6c6be5,42,2025-10-12 21:19:30.069026,100,17,2 min and 1 RL evolution strategy player,21,3708,Min player 1,MinPlayer,LevelChooseCardStrategy,MinPointsChooseRowStrategy,False,55,14,10,6,25
6d487bfb-a76b-41a6-b3e0-7b5bdd6c6be5,42,2025-10-12 21:19:30.069026,100,17,2 min and 1 RL evolution strategy player,21,3708,Min player 2,MinPlayer,LevelChooseCardStrategy,MinPointsChooseRowStrategy,False,64,11,23,24,6
6d487bfb-a76b-41a6-b3e0-7b5bdd6c6be5,42,2025-10-12 21:19:30.069026,100,17,2 min and 1 RL evolution strategy player,21,3708,RL ES player 1 - learner,RLEvolutionStrategyPlayer,RLEvolutionStrategyChooseCardStrategy,MinPointsChooseRowStrategy,True,47,19,10,6,12
6d487bfb-a76b-41a6-b3e0-7b5bdd6c6be5,42,2025-10-12 21:19:30.069026,100,17,2 min and 1 RL evolution strategy player,22,1826,Min player 1,MinPlayer,LevelChooseCardStrategy,MinPointsChooseRowStrategy,False,85,21,22,19,23
6d487bfb-a76b-41a6-b3e0-7b5bdd6c6be5,42,2025-10-12 21:19:30.069026,100,17,2 min and 1 RL evolution strategy player,22,1826,Min player 2,MinPlayer,LevelChooseCardStrategy,MinPointsChooseRowStrategy,False,63,26,9,14,14
6d487bfb-a76b-41a6-b3e0-7b5bdd6c6be5,42,2025-10-12 21:19:30.069026,100,17,2 min and 1 RL evolution strategy player,22,1826,RL ES player 1 - learner,RLEvolutionStrategyPlayer,RLEvolutionStrategyChooseCardStrategy,MinPointsChooseRowStrategy,True,33,4,11,11,7
6d487bfb-a76b-41a6-b3e0-7b5bdd6c6be5,42,2025-10-12 21:19:30.069026,100,17,2 min and 1 RL evolution strategy player,23,9267,Min player 1,MinPlayer,LevelChooseCardStrategy,MinPointsChooseRowStrategy,False,47,14,13,14,6
6d487bfb-a76b-41a6-b3e0-7b5bdd6c6be5,42,2025-10-12 21:19:30.069026,100,17,2 min and 1 RL evolution strategy player,23,9267,Min player 2,MinPlayer,LevelChooseCardStrategy,MinPointsChooseRowStrategy,False,47,5,14,16,12
6d487bfb-a76b-41a6-b3e0-7b5bdd6c6be5,42,2025-10-12 21:19:30.069026,100,17,2 min and 1 RL evolution strategy player,23,9267,RL ES player 1 - learner,RLEvolutionStrategyPlayer,RLEvolutionStrategyChooseCardStrategy,MinPointsChooseRowStrategy,True,41,8,6,7,20
6d487bfb-a76b-41a6-b3e0-7b5bdd6c6be5,42,2025-10-12 21:19:30.069026,100,17,2 min and 1 RL evolution strategy player,24,7815,Min player 1,MinPlayer,LevelChooseCardStrategy,MinPointsChooseRowStrategy,False,43,0,16,17,10
6d487bfb-a76b-41a6-b3e0-7b5bdd6c6be5,42,2025-10-12 21:19:30.069026,100,17,2 min and 1 RL evolution strategy player,24,7815,Min player 2,MinPlayer,LevelChooseCardStrategy,MinPointsChooseRowStrategy,False,54,18,20,6,10
6d487bfb-a76b-41a6-b3e0-7b5bdd6c6be5,42,2025-10-12 21:19:30.069026,100,17,2 min and 1 RL evolution strategy player,24,7815,RL ES player 1 - learner,RLEvolutionStrategyPlayer,RLEvolutionStrategyChooseCardStrategy,MinPointsChooseRowStrategy,True,42,19,7,12,4
6d487bfb-a76b-41a6-b3e0-7b5bdd6c6be5,42,2025-10-12 21:19:30.069026,100,17,2 min and 1 RL evolution strategy player,25,6439,Min player 1,MinPlayer,LevelChooseCardStrategy,MinPointsChooseRowStrategy,False,44,17,7,20,0
6d487bfb-a76b-41a6-b3e0-7b5bdd6c6be5,42,2025-10-12 21:19:30.069026,100,17,2 min and 1 RL evolution strategy player,25,6439,Min player 2,MinPlayer,LevelChooseCardStrategy,MinPointsChooseRowStrategy,False,70,23,6,22,19
6d487bfb-a76b-41a6-b3e0-7b5bdd6c6be5,42,2025-10-12 21:19:30.069026,100,17,2 min and 1 RL evolution strategy player,25,6439,RL ES player 1 - learner,RLEvolutionStrategyPlayer,RLEvolutionStrategyChooseCardStrategy,MinPointsChooseRowStrategy,True,42,7,15,11,9
6d487bfb-a76b-41a6-b3e0-7b5bdd6c6be5,42,2025-10-12 21:19:30.069026,100,17,2 min and 1 RL evolution strategy player,26,4024,Min player 1,MinPlayer,LevelChooseCardStrategy,MinPointsChooseRowStrategy,True,41,13,17,0,11
6d487bfb-a76b-41a6-b3e0-7b5bdd6c6be5,42,2025-10-12 21:19:30.069026,100,17,2 min and 1 RL evolution strategy player,26,4024,Min player 2,MinPlayer,LevelChooseCardStrategy,MinPointsChooseRowStrategy,False,66,26,8,27,5
6d487bfb-a76b-41a6-b3e0-7b5bdd6c6be5,42,2025-10-12 21:19:30.069026,100,17,2 min and 1 RL evolution strategy player,26,4024,RL ES player 1 - learner,RLEvolutionStrategyPlayer,RLEvolutionStrategyChooseCardStrategy,MinPointsChooseRowStrategy,False,46,6,7,13,20
6d487bfb-a76b-41a6-b3e0-7b5bdd6c6be5,42,2025-10-12 21:19:30.069026,100,17,2 min and 1 RL evolution strategy player,27,8227,Min player 1,MinPlayer,LevelChooseCardStrategy,MinPointsChooseRowStrategy,False,53,13,12,20,8
6d487bfb-a76b-41a6-b3e0-7b5bdd6c6be5,42,2025-10-12 21:19:30.069026,100,17,2 min and 1 RL evolution strategy player,27,8227,Min player 2,MinPlayer,LevelChooseCardStrategy,MinPointsChooseRowStrategy,True,39,9,10,5,15
6d487bfb-a76b-41a6-b3e0-7b5bdd6c6be5,42,2025-10-12 21:19:30.069026,100,17,2 min and 1 RL evolution strategy player,27,8227,RL ES player 1 - learner,RLEvolutionStrategyPlayer,RLEvolutionStrategyChooseCardStrategy,MinPointsChooseRowStrategy,False,53,18,11,15,9
6d487bfb-a76b-41a6-b3e0-7b5bdd6c6be5,42,2025-10-12 21:19:30.069026,100,17,2 min and 1 RL evolution strategy player,28,5454,Min player 1,MinPlayer,LevelChooseCardStrategy,MinPointsChooseRowStrategy,False,75,34,24,11,6
6d487bfb-a76b-41a6-b3e0-7b5bdd6c6be5,42,2025-10-12 21:19:30.069026,100,17,2 min and 1 RL evolution strategy player,28,5454,Min player 2,MinPlayer,LevelChooseCardStrategy,MinPointsChooseRowStrategy,False,57,8,19,20,10
6d487bfb-a76b-41a6-b3e0-7b5bdd6c6be5,42,2025-10-12 21:19:30.069026,100,17,2 min and 1 RL evolution strategy player,28,5454,RL ES player 1 - learner,RLEvolutionStrategyPlayer,RLEvolutionStrategyChooseCardStrategy,MinPointsChooseRowStrategy,True,37,12,6,8,11
6d487bfb-a76b-41a6-b3e0-7b5bdd6c6be5,42,2025-10-12 21:19:30.069026,100,17,2 min and 1 RL evolution strategy player,29,4434,Min player 1,MinPlayer,LevelChooseCardStrategy,MinPointsChooseRowStrategy,False,63,10,5,25,23
6d487bfb-a76b-41a6-b3e0-7b5bdd6c6be5,42,2025-10-12 21:19:30.069026,100,17,2 min and 1 RL evolution strategy player,29,4434,Min player 2,MinPlayer,LevelChooseCardStrategy,MinPointsChooseRowStrategy,True,33,21,10,0,2
6d487bfb-a76b-41a6-b3e0-7b5bdd6c6be5,42,2025-10-12 21:19:30.069026,100,17,2 min and 1 RL evolution strategy player,29,4434,RL ES player 1 - learner,RLEvolutionStrategyPlayer,RLEvolutionStrategyChooseCardStrategy,MinPointsChooseRowStrategy,False,59,17,22,12,8
6d487bfb-a76b-41a6-b3e0-7b5bdd6c6be5,42,2025-10-12 21:19:30.069026,100,17,2 min and 1 RL evolution strategy player,30,4505,Min player 1,MinPlayer,LevelChooseCardStrategy,MinPointsChooseRowStrategy,False,56,24,3,19,10
6d487bfb-a76b-41a6-b3e0-7b5bdd6c6be5,42,2025-10-12 21:19:30.069026,100,17,2 min and 1 RL evolution strategy player,30,4505,Min player 2,MinPlayer,LevelChooseCardStrategy,MinPointsChooseRowStrategy,False,50,10,17,6,17
6d487bfb-a76b-41a6-b3e0-7b5bdd6c6be5,42,2025-10-12 21:19:30.069026,100,17,2 min and 1 RL evolution strategy player,30,4505,RL ES player 1 - learner,RLEvolutionStrategyPlayer,RLEvolutionStrategyChooseCardStrategy,MinPointsChooseRowStrategy,True,48,7,20,10,11
6d487bfb-a76b-41a6-b3e0-7b5bdd6c6be5,42,2025-10-12 21:19:30.069026,100,17,2 min and 1 RL evolution strategy player,31,2273,Min player 1,MinPlayer,LevelChooseCardStrategy,MinPointsChooseRowStrategy,False,83,20,23,17,23
6d487bfb-a76b-41a6-b3e0-7b5bdd6c6be5,42,2025-10-12 21:19:30.069026,100,17,2 min and 1 RL evolution strategy player,31,2273,Min player 2,MinPlayer,LevelChooseCardStrategy,MinPointsChooseRowStrategy,True,32,7,0,8,17
6d487bfb-a76b-41a6-b3e0-7b5bdd6c6be5,42,2025-10-12 21:19:30.069026,100,17,2 min and 1 RL evolution strategy player,31,2273,RL ES player 1 - learner,RLEvolutionStrategyPlayer,RLEvolutionStrategyChooseCardStrategy,MinPointsChooseRowStrategy,False,50,19,17,6,8
6d487bfb-a76b-41a6-b3e0-7b5bdd6c6be5,42,2025-10-12 21:19:30.069026,100,17,2 min and 1 RL evolution strategy player,32,922,Min player 1,MinPlayer,LevelChooseCardStrategy,MinPointsChooseRowStrategy,True,42,7,11,4,20
6d487bfb-a76b-41a6-b3e0-7b5bdd6c6be5,42,2025-10-12 21:19:30.069026,100,17,2 min and 1 RL evolution strategy player,32,922,Min player 2,MinPlayer,LevelChooseCardStrategy,MinPointsChooseRowStrategy,False,53,3,14,27,9
6d487bfb-a76b-41a6-b3e0-7b5bdd6c6be5,42,2025-10-12 21:19:30.069026,100,17,2 min and 1 RL evolution strategy player,32,922,RL ES player 1 - learner,RLEvolutionStrategyPlayer,RLEvolutionStrategyChooseCardStrategy,MinPointsChooseRowStrategy,False,63,27,22,7,7
6d487bfb-a76b-41a6-b3e0-7b5bdd6c6be5,42,2025-10-12 21:19:30.069026,100,17,2 min and 1 RL evolution strategy player,33,5546,Min player 1,MinPlayer,LevelChooseCardStrategy,MinPointsChooseRowStrategy,True,30,7,2,0,21
6d487bfb-a76b-41a6-b3e0-7b5bdd6c6be5,42,2025-10-12 21:19:30.069026,100,17,2 min and 1 RL evolution strategy player,33,5546,Min player 2,MinPlayer,LevelChooseCardStrategy,MinPointsChooseRowStrategy,False,68,18,15,33,2
6d487bfb-a76b-41a6-b3e0-7b5bdd6c6be5,42,2025-10-12 21:19:30.069026,100,17,2 min and 1 RL evolution strategy player,33,5546,RL ES player 1 - learner,RLEvolutionStrategyPlayer,RLEvolutionStrategyChooseCardStrategy,MinPointsChooseRowStrategy,False,48,7,10,13,18
6d487bfb-a76b-41a6-b3e0-7b5bdd6c6be5,42,2025-10-12 21:19:30.069026,100,17,2 min and 1 RL evolution strategy player,34,8879,Min player 1,MinPlayer,LevelChooseCardStrategy,MinPointsChooseRowStrategy,True,5,0,2,2,1
6d487bfb-a76b-41a6-b3e0-7b5bdd6c6be5,42,2025-10-12 21:19:30.069026,100,17,2 min and 1 RL evolution strategy player,34,8879,Min player 2,MinPlayer,LevelChooseCardStrategy,MinPointsChooseRowStrategy,False,67,24,27,8,8
6d487bfb-a76b-41a6-b3e0-7b5bdd6c6be5,42,2025-10-12 21:19:30.069026,100,17,2 min and 1 RL evolution strategy player,34,8879,RL ES player 1 - learner,RLEvolutionStrategyPlayer,RLEvolutionStrategyChooseCardStrategy,MinPointsChooseRowStrategy,False,58,10,11,18,19
6d487bfb-a76b-41a6-b3e0-7b5bdd6c6be5,42,2025-10-12 21:19:30.069026,100,17,2 min and 1 RL evolution strategy player,35,639,Min player 1,MinPlayer,LevelChooseCardStrategy,MinPointsChooseRowStrategy,False,43,18,9,16,0
6d487bfb-a76b-41a6-b3e0-7b5bdd6c6be5,42,2025-10-12 21:19:30.069026,100,17,2 min and 1 RL evolution strategy player,35,639,Min player 2,MinPlayer,LevelChooseCardStrategy,MinPointsChooseRowStrategy,False,77,21,17,14,25
6d487bfb-a76b-41a6-b3e0-7b5bdd6c6be5,42,2025-10-12 21:19:30.069026,100,17,2 min and 1 RL evolution strategy player,35,639,RL ES player 1 - learner,RLEvolutionStrategyPlayer,RLEvolutionStrategyChooseCardStrategy,MinPointsChooseRowStrategy,True,38,5,17,8,8
6d487bfb-a76b-41a6-b3e0-7b5bdd6c6be5,42,2025-10-12 21:19:30.069026,100,17,2 min and 1 RL evolution strategy player,36,8583,Min player 1,MinPlayer,LevelChooseCardStrategy,MinPointsChooseRowStrategy,False,57,9,10,20,18
6d487bfb-a76b-41a6-b3e0-7b5bdd6c6be5,42,2025-10-12 21:19:30.069026,100,17,2 min and 1 RL evolution strategy player,36,8583,Min player 2,MinPlayer,LevelChooseCardStrategy,MinPointsChooseRowStrategy,True,40,14,0,21,5
6d487bfb-a76b-41a6-b3e0-7b5bdd6c6be5,42,2025-10-12 21:19:30.069026,100,17,2 min and 1 RL evolution strategy player,36,8583,RL ES player 1 - learner,RLEvolutionStrategyPlayer,RLEvolutionStrategyChooseCardStrategy,MinPointsChooseRowStrategy,False,54,14,15,12,13
6d487bfb-a76b-41a6-b3e0-7b5bdd6c6be5,42,2025-10-12 21:19:30.069026,100,17,2 min and 1 RL evolution strategy player,37,8276,Min player 1,MinPlayer,LevelChooseCardStrategy,MinPointsChooseRowStrategy,True,31,17,3,3,8
6d487bfb-a76b-41a6-b3e0-7b5bdd6c6be5,42,2025-10-12 21:19:30.069026,100,17,2 min and 1 RL evolution strategy player,37,8276,Min player 2,MinPlayer,LevelChooseCardStrategy,MinPointsChooseRowStrategy,False,59,12,24,14,9
6d487bfb-a76b-41a6-b3e0-7b5bdd6c6be5,42,2025-10-12 21:19:30.069026,100,17,2 min and 1 RL evolution strategy player,37,8276,RL ES player 1 - learner,RLEvolutionStrategyPlayer,RLEvolutionStrategyChooseCardStrategy,MinPointsChooseRowStrategy,False,47,9,9,20,9
6d487bfb-a76b-41a6-b3e0-7b5bdd6c6be5,42,2025-10-12 21:19:30.069026,100,17,2 min and 1 RL evolution strategy player,38,2768,Min player 1,MinPlayer,LevelChooseCardStrategy,MinPointsChooseRowStrategy,False,55,18,3,21,13
6d487bfb-a76b-41a6-b3e0-7b5bdd6c6be5,42,2025-10-12 21:19:30.069026,100,17,2 min and 1 RL evolution strategy player,38,2768,Min player 2,MinPlayer,LevelChooseCardStrategy,MinPointsChooseRowStrategy,False,44,9,21,0,14
6d487bfb-a76b-41a6-b3e0-7b5bdd6c6be5,42,2025-10-12 21:19:30.069026,100,17,2 min and 1 RL evolution strategy player,38,2768,RL ES player 1 - learner,RLEvolutionStrategyPlayer,RLEvolutionStrategyChooseCardStrategy,MinPointsChooseRowStrategy,True,42,12,12,10,8
6d487bfb-a76b-41a6-b3e0-7b5bdd6c6be5,42,2025-10-12 21:19:30.069026,100,17,2 min and 1 RL evolution strategy player,39,6317,Min player 1,MinPlayer,LevelChooseCardStrategy,MinPointsChooseRowStrategy,False,42,6,19,0,17
6d487bfb-a76b-41a6-b3e0-7b5bdd6c6be5,42,2025-10-12 21:19:30.069026,100,17,2 min and 1 RL evolution strategy player,39,6317,Min player 2,MinPlayer,LevelChooseCardStrategy,MinPointsChooseRowStrategy,False,63,9,12,34,8
6d487bfb-a76b-41a6-b3e0-7b5bdd6c6be5,42,2025-10-12 21:19:30.069026,100,17,2 min and 1 RL evolution strategy player,39,6317,RL ES player 1 - learner,RLEvolutionStrategyPlayer,RLEvolutionStrategyChooseCardStrategy,MinPointsChooseRowStrategy,True,39,11,10,11,7
6d487bfb-a76b-41a6-b3e0-7b5bdd6c6be5,42,2025-10-12 21:19:30.069026,100,17,2 min and 1 RL evolution strategy player,40,1653,Min player 1,MinPlayer,LevelChooseCardStrategy,MinPointsChooseRowStrategy,False,99,32,16,23,28
6d487bfb-a76b-41a6-b3e0-7b5bdd6c6be5,42,2025-10-12 21:19:30.069026,100,17,2 min and 1 RL evolution strategy player,40,1653,Min player 2,MinPlayer,LevelChooseCardStrategy,MinPointsChooseRowStrategy,True,27,0,13,9,5
6d487bfb-a76b-41a6-b3e0-7b5bdd6c6be5,42,2025-10-12 21:19:30.069026,100,17,2 min and 1 RL evolution strategy player,40,1653,RL ES player 1 - learner,RLEvolutionStrategyPlayer,RLEvolutionStrategyChooseCardStrategy,MinPointsChooseRowStrategy,False,35,7,16,7,5
6d487bfb-a76b-41a6-b3e0-7b5bdd6c6be5,42,2025-10-12 21:19:30.069026,100,17,2 min and 1 RL evolution strategy player,41,7581,Min player 1,MinPlayer,LevelChooseCardStrategy,MinPointsChooseRowStrategy,True,28,9,5,12,2
6d487bfb-a76b-41a6-b3e0-7b5bdd6c6be5,42,2025-10-12 21:19:30.069026,100,17,2 min and 1 RL evolution strategy player,41,7581,Min player 2,MinPlayer,LevelChooseCardStrategy,MinPointsChooseRowStrategy,False,35,18,7,5,5
6d487bfb-a76b-41a6-b3e0-7b5bdd6c6be5,42,2025-10-12 21:19:30.069026,100,17,2 min and 1 RL evolution strategy player,41,7581,RL ES player 1 - learner,RLEvolutionStrategyPlayer,RLEvolutionStrategyChooseCardStrategy,MinPointsChooseRowStrategy,False,55,4,17,18,16
6d487bfb-a76b-41a6-b3e0-7b5bdd6c6be5,42,2025-10-12 21:19:30.069026,100,17,2 min and 1 RL evolution strategy player,42,7005,Min player 1,MinPlayer,LevelChooseCardStrategy,MinPointsChooseRowStrategy,True,28,1,5,5,17
6d487bfb-a76b-41a6-b3e0-7b5bdd6c6be5,42,2025-10-12 21:19:30.069026,100,17,2 min and 1 RL evolution strategy player,42,7005,Min player 2,MinPlayer,LevelChooseCardStrategy,MinPointsChooseRowStrategy,False,47,2,18,21,6
6d487bfb-a76b-41a6-b3e0-7b5bdd6c6be5,42,2025-10-12 21:19:30.069026,100,17,2 min and 1 RL evolution strategy player,42,7005,RL ES player 1 - learner,RLEvolutionStrategyPlayer,RLEvolutionStrategyChooseCardStrategy,MinPointsChooseRowStrategy,False,47,16,10,10,11
6d487bfb-a76b-41a6-b3e0-7b5bdd6c6be5,42,2025-10-12 21:19:30.069026,100,17,2 min and 1 RL evolution strategy player,43,3545,Min player 1,MinPlayer,LevelChooseCardStrategy,MinPointsChooseRowStrategy,False,51,16,10,13,12
6d487bfb-a76b-41a6-b3e0-7b5bdd6c6be5,42,2025-10-12 21:19:30.069026,100,17,2 min and 1 RL evolution strategy player,43,3545,Min player 2,MinPlayer,LevelChooseCardStrategy,MinPointsChooseRowStrategy,True,48,17,14,5,12
6d487bfb-a76b-41a6-b3e0-7b5bdd6c6be5,42,2025-10-12 21:19:30.069026,100,17,2 min and 1 RL evolution strategy player,43,3545,RL ES player 1 - learner,RLEvolutionStrategyPlayer,RLEvolutionStrategyChooseCardStrategy,MinPointsChooseRowStrategy,False,62,7,20,17,18
6d487bfb-a76b-41a6-b3e0-7b5bdd6c6be5,42,2025-10-12 21:19:30.069026,100,17,2 min and 1 RL evolution strategy player,44,680,Min player 1,MinPlayer,LevelChooseCardStrategy,MinPointsChooseRowStrategy,True,42,6,11,16,9
6d487bfb-a76b-41a6-b3e0-7b5bdd6c6be5,42,2025-10-12 21:19:30.069026,100,17,2 min and 1 RL evolution strategy player,44,680,Min player 2,MinPlayer,LevelChooseCardStrategy,MinPointsChooseRowStrategy,False,45,7,2,24,12
6d487bfb-a76b-41a6-b3e0-7b5bdd6c6be5,42,2025-10-12 21:19:30.069026,100,17,2 min and 1 RL evolution strategy player,44,680,RL ES player 1 - learner,RLEvolutionStrategyPlayer,RLEvolutionStrategyChooseCardStrategy,MinPointsChooseRowStrategy,False,64,12,14,11,27
6d487bfb-a76b-41a6-b3e0-7b5bdd6c6be5,42,2025-10-12 21:19:30.069026,100,17,2 min and 1 RL evolution strategy player,45,9707,Min player 1,MinPlayer,LevelChooseCardStrategy,MinPointsChooseRowStrategy,False,65,22,27,4,12
6d487bfb-a76b-41a6-b3e0-7b5bdd6c6be5,42,2025-10-12 21:19:30.069026,100,17,2 min and 1 RL evolution strategy player,45,9707,Min player 2,MinPlayer,LevelChooseCardStrategy,MinPointsChooseRowStrategy,False,48,3,5,25,15
6d487bfb-a76b-41a6-b3e0-7b5bdd6c6be5,42,2025-10-12 21:19:30.069026,100,17,2 min and 1 RL evolution strategy player,45,9707,RL ES player 1 - learner,RLEvolutionStrategyPlayer,RLEvolutionStrategyChooseCardStrategy,MinPointsChooseRowStrategy,True,40,18,11,6,5
6d487bfb-a76b-41a6-b3e0-7b5bdd6c6be5,42,2025-10-12 21:19:30.069026,100,17,2 min and 1 RL evolution strategy player,46,4457,Min player 1,MinPlayer,LevelChooseCardStrategy,MinPointsChooseRowStrategy,False,74,7,14,29,24
6d487bfb-a76b-41a6-b3e0-7b5bdd6c6be5,42,2025-10-12 21:19:30.069026,100,17,2 min and 1 RL evolution strategy player,46,4457,Min player 2,MinPlayer,LevelChooseCardStrategy,MinPointsChooseRowStrategy,False,40,26,5,3,6
6d487bfb-a76b-41a6-b3e0-7b5bdd6c6be5,42,2025-10-12 21:19:30.069026,100,17,2 min and 1 RL evolution strategy player,46,4457,RL ES player 1 - learner,RLEvolutionStrategyPlayer,RLEvolutionStrategyChooseCardStrategy,MinPointsChooseRowStrategy,True,32,11,11,5,5
6d487bfb-a76b-41a6-b3e0-7b5bdd6c6be5,42,2025-10-12 21:19:30.069026,100,17,2 min and 1 RL evolution strategy player,47,8931,Min player 1,MinPlayer,LevelChooseCardStrategy,MinPointsChooseRowStrategy,False,56,15,14,5,22
6d487bfb-a76b-41a6-b3e0-7b5bdd6c6be5,42,2025-10-12 21:19:30.069026,100,17,2 min and 1 RL evolution strategy player,47,8931,Min player 2,MinPlayer,LevelChooseCardStrategy,MinPointsChooseRowStrategy,True,30,11,8,10,1
6d487bfb-a76b-41a6-b3e0-7b5bdd6c6be5,42,2025-10-12 21:19:30.069026,100,17,2 min and 1 RL evolution strategy player,47,8931,RL ES player 1 - learner,RLEvolutionStrategyPlayer,RLEvolutionStrategyChooseCardStrategy,MinPointsChooseRowStrategy,False,44,3,10,20,11
6d487bfb-a76b-41a6-b3e0-7b5bdd6c6be5,42,2025-10-12 21:19:30.069026,100,17,2 min and 1 RL evolution strategy player,48,6779,Min player 1,MinPlayer,LevelChooseCardStrategy,MinPointsChooseRowStrategy,False,55,15,6,16,18
6d487bfb-a76b-41a6-b3e0-7b5bdd6c6be5,42,2025-10-12 21:19:30.069026,100,17,2 min and 1 RL evolution strategy player,48,6779,Min player 2,MinPlayer,LevelChooseCardStrategy,MinPointsChooseRowStrategy,False,54,21,10,14,9
6d487bfb-a76b-41a6-b3e0-7b5bdd6c6be5,42,2025-10-12 21:19:30.069026,100,17,2 min and 1 RL evolution strategy player,48,6779,RL ES player 1 - learner,RLEvolutionStrategyPlayer,RLEvolutionStrategyChooseCardStrategy,MinPointsChooseRowStrategy,True,16,0,6,5,5
6d487bfb-a76b-41a6-b3e0-7b5bdd6c6be5,42,2025-10-12 21:19:30.069026,100,17,2 min and 1 RL evolution strategy player,49,7784,Min player 1,MinPlayer,LevelChooseCardStrategy,MinPointsChooseRowStrategy,False,69,35,16,9,9
6d487bfb-a76b-41a6-b3e0-7b5bdd6c6be5,42,2025-10-12 21:19:30.069026,100,17,2 min and 1 RL evolution strategy player,49,7784,Min player 2,MinPlayer,LevelChooseCardStrategy,MinPointsChooseRowStrategy,False,72,4,20,21,27
6d487bfb-a76b-41a6-b3e0-7b5bdd6c6be5,42,2025-10-12 21:19:30.069026,100,17,2 min and 1 RL evolution strategy player,49,7784,RL ES player 1 - learner,RLEvolutionStrategyPlayer,RLEvolutionStrategyChooseCardStrategy,MinPointsChooseRowStrategy,True,35,7,7,17,4
6d487bfb-a76b-41a6-b3e0-7b5bdd6c6be5,42,2025-10-12 21:19:30.069026,100,17,2 min and 1 RL evolution strategy player,50,7599,Min player 1,MinPlayer,LevelChooseCardStrategy,MinPointsChooseRowStrategy,False,57,10,9,17,21
6d487bfb-a76b-41a6-b3e0-7b5bdd6c6be5,42,2025-10-12 21:19:30.069026,100,17,2 min and 1 RL evolution strategy player,50,7599,Min player 2,MinPlayer,LevelChooseCardStrategy,MinPointsChooseRowStrategy,False,56,20,22,12,2
6d487bfb-a76b-41a6-b3e0-7b5bdd6c6be5,42,2025-10-12 21:19:30.069026,100,17,2 min and 1 RL evolution strategy player,50,7599,RL ES player 1 - learner,RLEvolutionStrategyPlayer,RLEvolutionStrategyChooseCardStrategy,MinPointsChooseRowStrategy,True,35,5,8,8,14
6d487bfb-a76b-41a6-b3e0-7b5bdd6c6be5,42,2025-10-12 21:19:30.069026,100,17,2 min and 1 RL evolution strategy player,51,1947,Min player 1,MinPlayer,LevelChooseCardStrategy,MinPointsChooseRowStrategy,False,54,19,16,0,19
6d487bfb-a76b-41a6-b3e0-7b5bdd6c6be5,42,2025-10-12 21:19:30.069026,100,17,2 min and 1 RL evolution strategy player,51,1947,Min player 2,MinPlayer,LevelChooseCardStrategy,MinPointsChooseRowStrategy,True,39,1,13,18,7
6d487bfb-a76b-41a6-b3e0-7b5bdd6c6be5,42,2025-10-12 21:19:30.069026,100,17,2 min and 1 RL evolution strategy player,51,1947,RL ES player 1 - learner,RLEvolutionStrategyPlayer,RLEvolutionStrategyChooseCardStrategy,MinPointsChooseRowStrategy,False,58,22,7,22,7
6d487bfb-a76b-41a6-b3e0-7b5bdd6c6be5,42,2025-10-12 21:19:30.069026,100,17,2 min and 1 RL evolution strategy player,52,3639,Min player 1,MinPlayer,LevelChooseCardStrategy,MinPointsChooseRowStrategy,True,19,6,6,0,7
6d487bfb-a76b-41a6-b3e0-7b5bdd6c6be5,42,2025-10-12 21:19:30.069026,100,17,2 min and 1 RL evolution strategy player,52,3639,Min player 2,MinPlayer,LevelChooseCardStrategy,MinPointsChooseRowStrategy,False,67,18,17,24,8
6d487bfb-a76b-41a6-b3e0-7b5bdd6c6be5,42,2025-10-12 21:19:30.069026,100,17,2 min and 1 RL evolution strategy player,52,3639,RL ES player 1 - learner,RLEvolutionStrategyPlayer,RLEvolutionStrategyChooseCardStrategy,MinPointsChooseRowStrategy,False,51,6,12,19,14
6d487bfb-a76b-41a6-b3e0-7b5bdd6c6be5,42,2025-10-12 21:19:30.069026,100,17,2 min and 1 RL evolution strategy player,53,4667,Min player 1,MinPlayer,LevelChooseCardStrategy,MinPointsChooseRowStrategy,False,60,7,25,9,19
6d487bfb-a76b-41a6-b3e0-7b5bdd6c6be5,42,2025-10-12 21:19:30.069026,100,17,2 min and 1 RL evolution strategy player,53,4667,Min player 2,MinPlayer,LevelChooseCardStrategy,MinPointsChooseRowStrategy,False,69,25,20,15,9
6d487bfb-a76b-41a6-b3e0-7b5bdd6c6be5,42,2025-10-12 21:19:30.069026,100,17,2 min and 1 RL evolution strategy player,53,4667,RL ES player 1 - learner,RLEvolutionStrategyPlayer,RLEvolutionStrategyChooseCardStrategy,MinPointsChooseRowStrategy,True,29,9,7,5,8
6d487bfb-a76b-41a6-b3e0-7b5bdd6c6be5,42,2025-10-12 21:19:30.069026,100,17,2 min and 1 RL evolution strategy player,54,4978,Min player 1,MinPlayer,LevelChooseCardStrategy,MinPointsChooseRowStrategy,False,50,10,7,17,16
6d487bfb-a76b-41a6-b3e0-7b5bdd6c6be5,42,2025-10-12 21:19:30.069026,100,17,2 min and 1 RL evolution strategy player,54,4978,Min player 2,MinPlayer,LevelChooseCardStrategy,MinPointsChooseRowStrategy,False,74,13,25,18,18
6d487bfb-a76b-41a6-b3e0-7b5bdd6c6be5,42,2025-10-12 21:19:30.069026,100,17,2 min and 1 RL evolution strategy player,54,4978,RL ES player 1 - learner,RLEvolutionStrategyPlayer,RLEvolutionStrategyChooseCardStrategy,MinPointsChooseRowStrategy,True,29,11,11,5,2
6d487bfb-a76b-41a6-b3e0-7b5bdd6c6be5,42,2025-10-12 21:19:30.069026,100,17,2 min and 1 RL evolution strategy player,55,438,Min player 1,MinPlayer,LevelChooseCardStrategy,MinPointsChooseRowStrategy,False,60,19,14,20,7
6d487bfb-a76b-41a6-b3e0-7b5bdd6c6be5,42,2025-10-12 21:19:30.069026,100,17,2 min and 1 RL evolution strategy player,55,438,Min player 2,MinPlayer,LevelChooseCardStrategy,MinPointsChooseRowStrategy,False,46,20,8,8,10
6d487bfb-a76b-41a6-b3e0-7b5bdd6c6be5,42,2025-10-12 21:19:30.069026,100,17,2 min and 1 RL evolution strategy player,55,438,RL ES player 1 - learner,RLEvolutionStrategyPlayer,RLEvolutionStrategyChooseCardStrategy,MinPointsChooseRowStrategy,True,45,17,4,0,24
6d487bfb-a76b-41a6-b3e0-7b5bdd6c6be5,42,2025-10-12 21:19:30.069026,100,17,2 min and 1 RL evolution strategy player,56,5466,Min player 1,MinPlayer,LevelChooseCardStrategy,MinPointsChooseRowStrategy,False,64,14,9,35,6
6d487bfb-a76b-41a6-b3e0-7b5bdd6c6be5,42,2025-10-12 21:19:30.069026,100,17,2 min and 1 RL evolution strategy player,56,5466,Min player 2,MinPlayer,LevelChooseCardStrategy,MinPointsChooseRowStrategy,False,55,21,18,8,8
6d487bfb-a76b-41a6-b3e0-7b5bdd6c6be5,42,2025-10-12 21:19:30.069026,100,17,2 min and 1 RL evolution strategy player,56,5466,RL ES player 1 - learner,RLEvolutionStrategyPlayer,RLEvolutionStrategyChooseCardStrategy,MinPointsChooseRowStrategy,True,19,0,3,2,14
6d487bfb-a76b-41a6-b3e0-7b5bdd6c6be5,42,2025-10-12 21:19:30.069026,100,17,2 min and 1 RL evolution strategy player,57,1543,Min player 1,MinPlayer,LevelChooseCardStrategy,MinPointsChooseRowStrategy,False,88,16,23,20,29
6d487bfb-a76b-41a6-b3e0-7b5bdd6c6be5,42,2025-10-12 21:19:30.069026,100,17,2 min and 1 RL evolution strategy player,57,1543,Min player 2,MinPlayer,LevelChooseCardStrategy,MinPointsChooseRowStrategy,False,67,29,24,9,5
6d487bfb-a76b-41a6-b3e0-7b5bdd6c6be5,42,2025-10-12 21:19:30.069026,100,17,2 min and 1 RL evolution strategy player,57,1543,RL ES player 1 - learner,RLEvolutionStrategyPlayer,RLEvolutionStrategyChooseCardStrategy,MinPointsChooseRowStrategy,True,7,0,0,5,2
6d487bfb-a76b-41a6-b3e0-7b5bdd6c6be5,42,2025-10-12 21:19:30.069026,100,17,2 min and 1 RL evolution strategy player,58,7434,Min player 1,MinPlayer,LevelChooseCardStrategy,MinPointsChooseRowStrategy,False,67,27,25,8,7
6d487bfb-a76b-41a6-b3e0-7b5bdd6c6be5,42,2025-10-12 21:19:30.069026,100,17,2 min and 1 RL evolution strategy player,58,7434,Min player 2,MinPlayer,LevelChooseCardStrategy,MinPointsChooseRowStrategy,False,58,0,0,26,32
6d487bfb-a76b-41a6-b3e0-7b5bdd6c6be5,42,2025-10-12 21:19:30.069026,100,17,2 min and 1 RL evolution strategy player,58,7434,RL ES player 1 - learner,RLEvolutionStrategyPlayer,RLEvolutionStrategyChooseCardStrategy,MinPointsChooseRowStrategy,True,32,16,1,10,5
6d487bfb-a76b-41a6-b3e0-7b5bdd6c6be5,42,2025-10-12 21:19:30.069026,100,17,2 min and 1 RL evolution strategy player,59,6830,Min player 1,MinPlayer,LevelChooseCardStrategy,MinPointsChooseRowStrategy,False,56,23,9,16,8
6d487bfb-a76b-41a6-b3e0-7b5bdd6c6be5,42,2025-10-12 21:19:30.069026,100,17,2 min and 1 RL evolution strategy player,59,6830,Min player 2,MinPlayer,LevelChooseCardStrategy,MinPointsChooseRowStrategy,False,61,13,21,6,21
6d487bfb-a76b-41a6-b3e0-7b5bdd6c6be5,42,2025-10-12 21:19:30.069026,100,17,2 min and 1 RL evolution strategy player,59,6830,RL ES player 1 - learner,RLEvolutionStrategyPlayer,RLEvolutionStrategyChooseCardStrategy,MinPointsChooseRowStrategy,True,47,12,3,23,9
6d487bfb-a76b-41a6-b3e0-7b5bdd6c6be5,42,2025-10-12 21:19:30.069026,100,17,2 min and 1 RL evolution strategy player,60,9225,Min player 1,MinPlayer,LevelChooseCardStrategy,MinPointsChooseRowStrategy,False,36,9,4,13,10
6d487bfb-a76b-41a6-b3e0-7b5bdd6c6be5,42,2025-10-12 21:19:30.069026,100,17,2 min and 1 RL evolution strategy player,60,9225,Min player 2,MinPlayer,LevelChooseCardStrategy,MinPointsChooseRowStrategy,True,29,12,5,1,11
6d487bfb-a76b-41a6-b3e0-7b5bdd6c6be5,42,2025-10-12 21:19:30.069026,100,17,2 min and 1 RL evolution strategy player,60,9225,RL ES player 1 - learner,RLEvolutionStrategyPlayer,RLEvolutionStrategyChooseCardStrategy,MinPointsChooseRowStrategy,False,45,5,19,6,15
6d487bfb-a76b-41a6-b3e0-7b5bdd6c6be5,42,2025-10-12 21:19:30.069026,100,17,2 min and 1 RL evolution strategy player,61,7447,Min player 1,MinPlayer,LevelChooseCardStrategy,MinPointsChooseRowStrategy,True,44,13,20,0,11
6d487bfb-a76b-41a6-b3e0-7b5bdd6c6be5,42,2025-10-12 21:19:30.069026,100,17,2 min and 1 RL evolution strategy player,61,7447,Min player 2,MinPlayer,LevelChooseCardStrategy,MinPointsChooseRowStrategy,False,48,18,7,8,15
6d487bfb-a76b-41a6-b3e0-7b5bdd6c6be5,42,2025-10-12 21:19:30.069026,100,17,2 min and 1 RL evolution strategy player,61,7447,RL ES player 1 - learner,RLEvolutionStrategyPlayer,RLEvolutionStrategyChooseCardStrategy,MinPointsChooseRowStrategy,False,64,5,10,29,20
6d487bfb-a76b-41a6-b3e0-7b5bdd6c6be5,42,2025-10-12 21:19:30.069026,100,17,2 min and 1 RL evolution strategy player,62,3667,Min player 1,MinPlayer,LevelChooseCardStrategy,MinPointsChooseRowStrategy,False,69,2,20,20,27
6d487bfb-a76b-41a6-b3e0-7b5bdd6c6be5,42,2025-10-12 21:19:30.069026,100,17,2 min and 1 RL evolution strategy player,62,3667,Min player 2,MinPlayer,LevelChooseCardStrategy,MinPointsChooseRowStrategy,True,28,10,14,0,4
6d487bfb-a76b-41a6-b3e0-7b5bdd6c6be5,42,2025-10-12 21:19:30.069026,100,17,2 min and 1 RL evolution strategy player,62,3667,RL ES player 1 - learner,RLEvolutionStrategyPlayer,RLEvolutionStrategyChooseCardStrategy,MinPointsChooseRowStrategy,False,61,23,7,14,17
6d487bfb-a76b-41a6-b3e0-7b5bdd6c6be5,42,2025-10-12 21:19:30.069026,100,17,2 min and 1 RL evolution strategy player,63,9675,Min player 1,MinPlayer,LevelChooseCardStrategy,MinPointsChooseRowStrategy,False,48,9,9,17,13
6d487bfb-a76b-41a6-b3e0-7b5bdd6c6be5,42,2025-10-12 21:19:30.069026,100,17,2 min and 1 RL evolution strategy player,63,9675,Min player 2,MinPlayer,LevelChooseCardStrategy,MinPointsChooseRowStrategy,False,67,5,18,23,21
6d487bfb-a76b-41a6-b3e0-7b5bdd6c6be5,42,2025-10-12 21:19:30.069026,100,17,2 min and 1 RL evolution strategy player,63,9675,RL ES player 1 - learner,RLEvolutionStrategyPlayer,RLEvolutionStrategyChooseCardStrategy,MinPointsChooseRowStrategy,True,38,18,14,3,3
6d487bfb-a76b-41a6-b3e0-7b5bdd6c6be5,42,2025-10-12 21:19:30.069026,100,17,2 min and 1 RL evolution strategy player,64,4109,Min player 1,MinPlayer,LevelChooseCardStrategy,MinPointsChooseRowStrategy,False,54,8,5,21,20
6d487bfb-a76b-41a6-b3e0-7b5bdd6c6be5,42,2025-10-12 21:19:30.069026,100,17,2 min and 1 RL evolution strategy player,64,4109,Min player 2,MinPlayer,LevelChooseCardStrategy,MinPointsChooseRowStrategy,False,83,23,27,7,26
6d487bfb-a76b-41a6-b3e0-7b5bdd6c6be5,42,2025-10-12 21:19:30.069026,100,17,2 min and 1 RL evolution strategy player,64,4109,RL ES player 1 - learner,RLEvolutionStrategyPlayer,RLEvolutionStrategyChooseCardStrategy,MinPointsChooseRowStrategy,True,16,6,4,5,1
6d487bfb-a76b-41a6-b3e0-7b5bdd6c6be5,42,2025-10-12 21:19:30.069026,100,17,2 min and 1 RL evolution strategy player,65,3258,Min player 1,MinPlayer,LevelChooseCardStrategy,MinPointsChooseRowStrategy,False,59,11,11,23,14
6d487bfb-a76b-41a6-b3e0-7b5bdd6c6be5,42,2025-10-12 21:19:30.069026,100,17,2 min and 1 RL evolution strategy player,65,3258,Min player 2,MinPlayer,LevelChooseCardStrategy,MinPointsChooseRowStrategy,True,33,0,21,7,5
6d487bfb-a76b-41a6-b3e0-7b5bdd6c6be5,42,2025-10-12 21:19:30.069026,100,17,2 min and 1 RL evolution strategy player,65,3258,RL ES player 1 - learner,RLEvolutionStrategyPlayer,RLEvolutionStrategyChooseCardStrategy,MinPointsChooseRowStrategy,False,49,21,10,5,13
6d487bfb-a76b-41a6-b3e0-7b5bdd6c6be5,42,2025-10-12 21:19:30.069026,100,17,2 min and 1 RL evolution strategy player,66,9055,Min player 1,MinPlayer,LevelChooseCardStrategy,MinPointsChooseRowStrategy,True,28,2,8,7,11
6d487bfb-a76b-41a6-b3e0-7b5bdd6c6be5,42,2025-10-12 21:19:30.069026,100,17,2 min and 1 RL evolution strategy player,66,9055,Min player 2,MinPlayer,LevelChooseCardStrategy,MinPointsChooseRowStrategy,False,67,17,18,25,7
6d487bfb-a76b-41a6-b3e0-7b5bdd6c6be5,42,2025-10-12 21:19:30.069026,100,17,2 min and 1 RL evolution strategy player,66,9055,RL ES player 1 - learner,RLEvolutionStrategyPlayer,RLEvolutionStrategyChooseCardStrategy,MinPointsChooseRowStrategy,False,40,5,9,7,19
6d487bfb-a76b-41a6-b3e0-7b5bdd6c6be5,42,2025-10-12 21:19:30.069026,100,17,2 min and 1 RL evolution strategy player,67,3705,Min player 1,MinPlayer,LevelChooseCardStrategy,MinPointsChooseRowStrategy,True,31,12,0,6,13
6d487bfb-a76b-41a6-b3e0-7b5bdd6c6be5,42,2025-10-12 21:19:30.069026,100,17,2 min and 1 RL evolution strategy player,67,3705,Min player 2,MinPlayer,LevelChooseCardStrategy,MinPointsChooseRowStrategy,False,102,17,37,24,24
6d487bfb-a76b-41a6-b3e0-7b5bdd6c6be5,42,2025-10-12 21:19:30.069026,100,17,2 min and 1 RL evolution strategy player,67,3705,RL ES player 1 - learner,RLEvolutionStrategyPlayer,RLEvolutionStrategyChooseCardStrategy,MinPointsChooseRowStrategy,False,37,11,8,15,3
6d487bfb-a76b-41a6-b3e0-7b5bdd6c6be5,42,2025-10-12 21:19:30.069026,100,17,2 min and 1 RL evolution strategy player,68,764,Min player 1,MinPlayer,LevelChooseCardStrategy,MinPointsChooseRowStrategy,True,24,5,1,12,6
6d487bfb-a76b-41a6-b3e0-7b5bdd6c6be5,42,2025-10-12 21:19:30.069026,100,17,2 min and 1 RL evolution strategy player,68,764,Min player 2,MinPlayer,LevelChooseCardStrategy,MinPointsChooseRowStrategy,False,72,9,26,11,26
6d487bfb-a76b-41a6-b3e0-7b5bdd6c6be5,42,2025-10-12 21:19:30.069026,100,17,2 min and 1 RL evolution strategy player,68,764,RL ES player 1 - learner,RLEvolutionStrategyPlayer,RLEvolutionStrategyChooseCardStrategy,MinPointsChooseRowStrategy,False,67,37,15,13,2
6d487bfb-a76b-41a6-b3e0-7b5bdd6c6be5,42,2025-10-12 21:19:30.069026,100,17,2 min and 1 RL evolution strategy player,69,4696,Min player 1,MinPlayer,LevelChooseCardStrategy,MinPointsChooseRowStrategy,False,59,10,19,17,13
6d487bfb-a76b-41a6-b3e0-7b5bdd6c6be5,42,2025-10-12 21:19:30.069026,100,17,2 min and 1 RL evolution strategy player,69,4696,Min player 2,MinPlayer,LevelChooseCardStrategy,MinPointsChooseRowStrategy,True,40,14,1,16,9
6d487bfb-a76b-41a6-b3e0-7b5bdd6c6be5,42,2025-10-12 21:19:30.069026,100,17,2 min and 1 RL evolution strategy player,69,4696,RL ES player 1 - learner,RLEvolutionStrategyPlayer,RLEvolutionStrategyChooseCardStrategy,MinPointsChooseRowStrategy,False,45,15,16,3,11
6d487bfb-a76b-41a6-b3e0-7b5bdd6c6be5,42,2025-10-12 21:19:30.069026,100,17,2 min and 1 RL evolution strategy player,70,7957,Min player 1,MinPlayer,LevelChooseCardStrategy,MinPointsChooseRowStrategy,False,46,7,13,17,9
6d487bfb-a76b-41a6-b3e0-7b5bdd6c6be5,42,2025-10-12 21:19:30.069026,100,17,2 min and 1 RL evolution strategy player,70,7957,Min player 2,MinPlayer,LevelChooseCardStrategy,MinPointsChooseRowStrategy,False,61,15,14,23,9
6d487bfb-a76b-41a6-b3e0-7b5bdd6c6be5,42,2025-10-12 21:19:30.069026,100,17,2 min and 1 RL evolution strategy player,70,7957,RL ES player 1 - learner,RLEvolutionStrategyPlayer,RLEvolutionStrategyChooseCardStrategy,MinPointsChooseRowStrategy,True,36,17,5,4,10
6d487bfb-a76b-41a6-b3e0-7b5bdd6c6be5,42,2025-10-12 21:19:30.069026,100,17,2 min and 1 RL evolution strategy player,71,1895,Min player 1,MinPlayer,LevelChooseCardStrategy,MinPointsChooseRowStrategy,True,38,12,7,1,18
6d487bfb-a76b-41a6-b3e0-7b5bdd6c6be5,42,2025-10-12 21:19:30.069026,100,17,2 min and 1 RL evolution strategy player,71,1895,Min player 2,MinPlayer,LevelChooseCardStrategy,MinPointsChooseRowStrategy,False,65,1,26,28,10
6d487bfb-a76b-41a6-b3e0-7b5bdd6c6be5,42,2025-10-12 21:19:30.069026,100,17,2 min and 1 RL evolution strategy player,71,1895,RL ES player 1 - learner,RLEvolutionStrategyPlayer,RLEvolutionStrategyChooseCardStrategy,MinPointsChooseRowStrategy,False,55,23,16,11,5
6d487bfb-a76b-41a6-b3e0-7b5bdd6c6be5,42,2025-10-12 21:19:30.069026,100,17,2 min and 1 RL evolution strategy player,72,4629,Min player 1,MinPlayer,LevelChooseCardStrategy,MinPointsChooseRowStrategy,False,55,7,22,7,19
6d487bfb-a76b-41a6-b3e0-7b5bdd6c6be5,42,2025-10-12 21:19:30.069026,100,17,2 min and 1 RL evolution strategy player,72,4629,Min player 2,MinPlayer,LevelChooseCardStrategy,MinPointsChooseRowStrategy,False,42,17,2,9,14
6d487bfb-a76b-41a6-b3e0-7b5bdd6c6be5,42,2025-10-12 21:19:30.069026,100,17,2 min and 1 RL evolution strategy player,72,4629,RL ES player 1 - learner,RLEvolutionStrategyPlayer,RLEvolutionStrategyChooseCardStrategy,MinPointsChooseRowStrategy,True,39,12,5,19,3
6d487bfb-a76b-41a6-b3e0-7b5bdd6c6be5,42,2025-10-12 21:19:30.069026,100,17,2 min and 1 RL evolution strategy player,73,1300,Min player 1,MinPlayer,LevelChooseCardStrategy,MinPointsChooseRowStrategy,False,87,28,29,11,19
6d487bfb-a76b-41a6-b3e0-7b5bdd6c6be5,42,2025-10-12 21:19:30.069026,100,17,2 min and 1 RL evolution strategy player,73,1300,Min player 2,MinPlayer,LevelChooseCardStrategy,MinPointsChooseRowStrategy,True,35,0,5,18,12
6d487bfb-a76b-41a6-b3e0-7b5bdd6c6be5,42,2025-10-12 21:19:30.069026,100,17,2 min and 1 RL evolution strategy player,73,1300,RL ES player 1 - learner,RLEvolutionStrategyPlayer,RLEvolutionStrategyChooseCardStrategy,MinPointsChooseRowStrategy,False,54,8,14,16,16
6d487bfb-a76b-41a6-b3e0-7b5bdd6c6be5,42,2025-10-12 21:19:30.069026,100,17,2 min and 1 RL evolution strategy player,74,6865,Min player 1,MinPlayer,LevelChooseCardStrategy,MinPointsChooseRowStrategy,True,50,16,17,10,7
6d487bfb-a76b-41a6-b3e0-7b5bdd6c6be5,42,2025-10-12 21:19:30.069026,100,17,2 min and 1 RL evolution strategy player,74,6865,Min player 2,MinPlayer,LevelChooseCardStrategy,MinPointsChooseRowStrategy,False,61,9,12,13,27
6d487bfb-a76b-41a6-b3e0-7b5bdd6c6be5,42,2025-10-12 21:19:30.069026,100,17,2 min and 1 RL evolution strategy player,74,6865,RL ES player 1 - learner,RLEvolutionStrategyPlayer,RLEvolutionStrategyChooseCardStrategy,MinPointsChooseRowStrategy,False,54,23,22,5,4
6d487bfb-a76b-41a6-b3e0-7b5bdd6c6be5,42,2025-10-12 21:19:30.069026,100,17,2 min and 1 RL evolution strategy player,75,4757,Min player 1,MinPlayer,LevelChooseCardStrategy,MinPointsChooseRowStrategy,False,45,20,18,0,7
6d487bfb-a76b-41a6-b3e0-7b5bdd6c6be5,42,2025-10-12 21:19:30.069026,100,17,2 min and 1 RL evolution strategy player,75,4757,Min player 2,MinPlayer,LevelChooseCardStrategy,MinPointsChooseRowStrategy,False,68,18,9,22,19
6d487bfb-a76b-41a6-b3e0-7b5bdd6c6be5,42,2025-10-12 21:19:30.069026,100,17,2 min and 1 RL evolution strategy player,75,4757,RL ES player 1 - learner,RLEvolutionStrategyPlayer,RLEvolutionStrategyChooseCardStrategy,MinPointsChooseRowStrategy,True,22,1,2,14,5
6d487bfb-a76b-41a6-b3e0-7b5bdd6c6be5,42,2025-10-12 21:19:30.069026,100,17,2 min and 1 RL evolution strategy player,76,3302,Min player 1,MinPlayer,LevelChooseCardStrategy,MinPointsChooseRowStrategy,False,66,31,21,0,14
6d487bfb-a76b-41a6-b3e0-7b5bdd6c6be5,42,2025-10-12 21:19:30.069026,100,17,2 min and 1 RL evolution strategy player,76,3302,Min player 2,MinPlayer,LevelChooseCardStrategy,MinPointsChooseRowStrategy,False,55,11,18,15,11
6d487bfb-a76b-41a6-b3e0-7b5bdd6c6be5,42,2025-10-12 21:19:30.069026,100,17,2 min and 1 RL evolution strategy player,76,3302,RL ES player 1 - learner,RLEvolutionStrategyPlayer,RLEvolutionStrategyChooseCardStrategy,MinPointsChooseRowStrategy,True,26,2,4,11,9
6d487bfb-a76b-41a6-b3e0-7b5bdd6c6be5,42,2025-10-12 21:19:30.069026,100,17,2 min and 1 RL evolution strategy player,77,2269,Min player 1,MinPlayer,LevelChooseCardStrategy,MinPointsChooseRowStrategy,False,55,30,25,0,0
6d487bfb-a76b-41a6-b3e0-7b5bdd6c6be5,42,2025-10-12 21:19:30.069026,100,17,2 min and 1 RL evolution strategy player,77,2269,Min player 2,MinPlayer,LevelChooseCardStrategy,MinPointsChooseRowStrategy,True,23,2,0,8,13
6d487bfb-a76b-41a6-b3e0-7b5bdd6c6be5,42,2025-10-12 21:19:30.069026,100,17,2 min and 1 RL evolution strategy player,77,2269,RL ES player 1 - learner,RLEvolutionStrategyPlayer,RLEvolutionStrategyChooseCardStrategy,MinPointsChooseRowStrategy,False,47,9,10,13,15
6d487bfb-a76b-41a6-b3e0-7b5bdd6c6be5,42,2025-10-12 21:19:30.069026,100,17,2 min and 1 RL evolution strategy player,78,5645,Min player 1,MinPlayer,LevelChooseCardStrategy,MinPointsChooseRowStrategy,True,41,0,18,18,5
6d487bfb-a76b-41a6-b3e0-7b5bdd6c6be5,42,2025-10-12 21:19:30.069026,100,17,2 min and 1 RL evolution strategy player,78,5645,Min player 2,MinPlayer,LevelChooseCardStrategy,MinPointsChooseRowStrategy,False,75,18,23,6,28
6d487bfb-a76b-41a6-b3e0-7b5bdd6c6be5,42,2025-10-12 21:19:30.069026,100,17,2 min and 1 RL evolution strategy player,78,5645,RL ES player 1 - learner,RLEvolutionStrategyPlayer,RLEvolutionStrategyChooseCardStrategy,MinPointsChooseRowStrategy,False,53,15,9,9,20
6d487bfb-a76b-41a6-b3e0-7b5bdd6c6be5,42,2025-10-12 21:19:30.069026,100,17,2 min and 1 RL evolution strategy player,79,6698,Min player 1,MinPlayer,LevelChooseCardStrategy,MinPointsChooseRowStrategy,False,108,41,28,12,27
6d487bfb-a76b-41a6-b3e0-7b5bdd6c6be5,42,2025-10-12 21:19:30.069026,100,17,2 min and 1 RL evolution strategy player,79,6698,Min player 2,MinPlayer,LevelChooseCardStrategy,MinPointsChooseRowStrategy,True,17,0,1,6,10
6d487bfb-a76b-41a6-b3e0-7b5bdd6c6be5,42,2025-10-12 21:19:30.069026,100,17,2 min and 1 RL evolution strategy player,79,6698,RL ES player 1 - learner,RLEvolutionStrategyPlayer,RLEvolutionStrategyChooseCardStrategy,MinPointsChooseRowStrategy,False,41,4,18,18,1
6d487bfb-a76b-41a6-b3e0-7b5bdd6c6be5,42,2025-10-12 21:19:30.069026,100,17,2 min and 1 RL evolution strategy player,80,9403,Min player 1,MinPlayer,LevelChooseCardStrategy,MinPointsChooseRowStrategy,False,55,13,10,5,27
6d487bfb-a76b-41a6-b3e0-7b5bdd6c6be5,42,2025-10-12 21:19:30.069026,100,17,2 min and 1 RL evolution strategy player,80,9403,Min player 2,MinPlayer,LevelChooseCardStrategy,MinPointsChooseRowStrategy,True,29,6,7,15,1
6d487bfb-a76b-41a6-b3e0-7b5bdd6c6be5,42,2025-10-12 21:19:30.069026,100,17,2 min and 1 RL evolution strategy player,80,9403,RL ES player 1 - learner,RLEvolutionStrategyPlayer,RLEvolutionStrategyChooseCardStrategy,MinPointsChooseRowStrategy,False,42,11,14,9,8
6d487bfb-a76b-41a6-b3e0-7b5bdd6c6be5,42,2025-10-12 21:19:30.069026,100,17,2 min and 1 RL evolution strategy player,81,4372,Min player 1,MinPlayer,LevelChooseCardStrategy,MinPointsChooseRowStrategy,False,56,20,18,18,0
6d487bfb-a76b-41a6-b3e0-7b5bdd6c6be5,42,2025-10-12 21:19:30.069026,100,17,2 min and 1 RL evolution strategy player,81,4372,Min player 2,MinPlayer,LevelChooseCardStrategy,MinPointsChooseRowStrategy,False,56,11,0,10,35
6d487bfb-a76b-41a6-b3e0-7b5bdd6c6be5,42,2025-10-12 21:19:30.069026,100,17,2 min and 1 RL evolution strategy player,81,4372,RL ES player 1 - learner,RLEvolutionStrategyPlayer,RLEvolutionStrategyChooseCardStrategy,MinPointsChooseRowStrategy,True,39,7,9,9,14
6d487bfb-a76b-41a6-b3e0-7b5bdd6c6be5,42,2025-10-12 21:19:30.069026,100,17,2 min and 1 RL evolution strategy player,82,1607,Min player 1,MinPlayer,LevelChooseCardStrategy,MinPointsChooseRowStrategy,False,61,17,13,14,17
6d487bfb-a76b-41a6-b3e0-7b5bdd6c6be5,42,2025-10-12 21:19:30.069026,100,17,2 min and 1 RL evolution strategy player,82,1607,Min player 2,MinPlayer,LevelChooseCardStrategy,MinPointsChooseRowStrategy,True,37,7,17,11,2
6d487bfb-a76b-41a6-b3e0-7b5bdd6c6be5,42,2025-10-12 21:19:30.069026,100,17,2 min and 1 RL evolution strategy player,82,1607,RL ES player 1 - learner,RLEvolutionStrategyPlayer,RLEvolutionStrategyChooseCardStrategy,MinPointsChooseRowStrategy,False,75,25,15,14,21
6d487bfb-a76b-41a6-b3e0-7b5bdd6c6be5,42,2025-10-12 21:19:30.069026,100,17,2 min and 1 RL evolution strategy player,83,8326,Min player 1,MinPlayer,LevelChooseCardStrategy,MinPointsChooseRowStrategy,False,36,10,2,16,8
6d487bfb-a76b-41a6-b3e0-7b5bdd6c6be5,42,2025-10-12 21:19:30.069026,100,17,2 min and 1 RL evolution strategy player,83,8326,Min player 2,MinPlayer,LevelChooseCardStrategy,MinPointsChooseRowStrategy,False,93,23,22,10,38
6d487bfb-a76b-41a6-b3e0-7b5bdd6c6be5,42,2025-10-12 21:19:30.069026,100,17,2 min and 1 RL evolution strategy player,83,8326,RL ES player 1 - learner,RLEvolutionStrategyPlayer,RLEvolutionStrategyChooseCardStrategy,MinPointsChooseRowStrategy,True,29,5,15,7,2
6d487bfb-a76b-41a6-b3e0-7b5bdd6c6be5,42,2025-10-12 21:19:30.069026,100,17,2 min and 1 RL evolution strategy player,84,6298,Min player 1,MinPlayer,LevelChooseCardStrategy,MinPointsChooseRowStrategy,False,74,11,15,20,28
6d487bfb-a76b-41a6-b3e0-7b5bdd6c6be5,42,2025-10-12 21:19:30.069026,100,17,2 min and 1 RL evolution strategy player,84,6298,Min player 2,MinPlayer,LevelChooseCardStrategy,MinPointsChooseRowStrategy,False,50,23,7,9,11
6d487bfb-a76b-41a6-b3e0-7b5bdd6c6be5,42,2025-10-12 21:19:30.069026,100,17,2 min and 1 RL evolution strategy player,84,6298,RL ES player 1 - learner,RLEvolutionStrategyPlayer,RLEvolutionStrategyChooseCardStrategy,MinPointsChooseRowStrategy,True,34,3,7,13,11
6d487bfb-a76b-41a6-b3e0-7b5bdd6c6be5,42,2025-10-12 21:19:30.069026,100,17,2 min and 1 RL evolution strategy player,85,7002,Min player 1,MinPlayer,LevelChooseCardStrategy,MinPointsChooseRowStrategy,False,30,11,0,7,12
6d487bfb-a76b-41a6-b3e0-7b5bdd6c6be5,42,2025-10-12 21:19:30.069026,100,17,2 min and 1 RL evolution strategy player,85,7002,Min player 2,MinPlayer,LevelChooseCardStrategy,MinPointsChooseRowStrategy,False,95,28,26,19,22
6d487bfb-a76b-41a6-b3e0-7b5bdd6c6be5,42,2025-10-12 21:19:30.069026,100,17,2 min and 1 RL evolution strategy player,85,7002,RL ES player 1 - learner,RLEvolutionStrategyPlayer,RLEvolutionStrategyChooseCardStrategy,MinPointsChooseRowStrategy,True,24,3,7,6,8
6d487bfb-a76b-41a6-b3e0-7b5bdd6c6be5,42,2025-10-12 21:19:30.069026,100,17,2 min and 1 RL evolution strategy player,86,973,Min player 1,MinPlayer,LevelChooseCardStrategy,MinPointsChooseRowStrategy,False,50,1,17,16,16
6d487bfb-a76b-41a6-b3e0-7b5bdd6c6be5,42,2025-10-12 21:19:30.069026,100,17,2 min and 1 RL evolution strategy player,86,973,Min player 2,MinPlayer,LevelChooseCardStrategy,MinPointsChooseRowStrategy,False,54,30,16,1,7
6d487bfb-a76b-41a6-b3e0-7b5bdd6c6be5,42,2025-10-12 21:19:30.069026,100,17,2 min and 1 RL evolution strategy player,86,973,RL ES player 1 - learner,RLEvolutionStrategyPlayer,RLEvolutionStrategyChooseCardStrategy,MinPointsChooseRowStrategy,True,32,15,2,12,3
6d487bfb-a76b-41a6-b3e0-7b5bdd6c6be5,42,2025-10-12 21:19:30.069026,100,17,2 min and 1 RL evolution strategy player,87,3124,Min player 1,MinPlayer,LevelChooseCardStrategy,MinPointsChooseRowStrategy,False,44,22,10,10,2
6d487bfb-a76b-41a6-b3e0-7b5bdd6c6be5,42,2025-10-12 21:19:30.069026,100,17,2 min and 1 RL evolution strategy player,87,3124,Min player 2,MinPlayer,LevelChooseCardStrategy,MinPointsChooseRowStrategy,True,37,1,7,1,28
6d487bfb-a76b-41a6-b3e0-7b5bdd6c6be5,42,2025-10-12 21:19:30.069026,100,17,2 min and 1 RL evolution strategy player,87,3124,RL ES player 1 - learner,RLEvolutionStrategyPlayer,RLEvolutionStrategyChooseCardStrategy,MinPointsChooseRowStrategy,False,59,12,23,17,7
6d487bfb-a76b-41a6-b3e0-7b5bdd6c6be5,42,2025-10-12 21:19:30.069026,100,17,2 min and 1 RL evolution strategy player,88,7678,Min player 1,MinPlayer,LevelChooseCardStrategy,MinPointsChooseRowStrategy,True,43,4,10,2,27
6d487bfb-a76b-41a6-b3e0-7b5bdd6c6be5,42,2025-10-12 21:19:30.069026,100,17,2 min and 1 RL evolution strategy player,88,7678,Min player 2,MinPlayer,LevelChooseCardStrategy,MinPointsChooseRowStrategy,False,72,13,20,21,18
6d487bfb-a76b-41a6-b3e0-7b5bdd6c6be5,42,2025-10-12 21:19:30.069026,100,17,2 min and 1 RL evolution strategy player,88,7678,RL ES player 1 - learner,RLEvolutionStrategyPlayer,RLEvolutionStrategyChooseCardStrategy,MinPointsChooseRowStrategy,False,57,29,16,8,4
6d487bfb-a76b-41a6-b3e0-7b5bdd6c6be5,42,2025-10-12 21:19:30.069026,100,17,2 min and 1 RL evolution strategy player,89,8322,Min player 1,MinPlayer,LevelChooseCardStrategy,MinPointsChooseRowStrategy,False,67,15,11,18,23
6d487bfb-a76b-41a6-b3e0-7b5bdd6c6be5,42,2025-10-12 21:19:30.069026,100,17,2 min and 1 RL evolution strategy player,89,8322,Min player 2,MinPlayer,LevelChooseCardStrategy,MinPointsChooseRowStrategy,False,65,24,14,20,7
6d487bfb-a76b-41a6-b3e0-7b5bdd6c6be5,42,2025-10-12 21:19:30.069026,100,17,2 min and 1 RL evolution strategy player,89,8322,RL ES player 1 - learner,RLEvolutionStrategyPlayer,RLEvolutionStrategyChooseCardStrategy,MinPointsChooseRowStrategy,True,25,4,11,1,9
6d487bfb-a76b-41a6-b3e0-7b5bdd6c6be5,42,2025-10-12 21:19:30.069026,100,17,2 min and 1 RL evolution strategy player,90,4352,Min player 1,MinPlayer,LevelChooseCardStrategy,MinPointsChooseRowStrategy,False,44,12,18,7,7
6d487bfb-a76b-41a6-b3e0-7b5bdd6c6be5,42,2025-10-12 21:19:30.069026,100,17,2 min and 1 RL evolution strategy player,90,4352,Min player 2,MinPlayer,LevelChooseCardStrategy,MinPointsChooseRowStrategy,False,62,10,22,18,12
6d487bfb-a76b-41a6-b3e0-7b5bdd6c6be5,42,2025-10-12 21:19:30.069026,100,17,2 min and 1 RL evolution strategy player,90,4352,RL ES player 1 - learner,RLEvolutionStrategyPlayer,RLEvolutionStrategyChooseCardStrategy,MinPointsChooseRowStrategy,True,33,2,6,10,15
6d487bfb-a76b-41a6-b3e0-7b5bdd6c6be5,42,2025-10-12 21:19:30.069026,100,17,2 min and 1 RL evolution strategy player,91,8047,Min player 1,MinPlayer,LevelChooseCardStrategy,MinPointsChooseRowStrategy,False,71,21,26,11,13
6d487bfb-a76b-41a6-b3e0-7b5bdd6c6be5,42,2025-10-12 21:19:30.069026,100,17,2 min and 1 RL evolution strategy player,91,8047,Min player 2,MinPlayer,LevelChooseCardStrategy,MinPointsChooseRowStrategy,False,54,9,26,12,7
6d487bfb-a76b-41a6-b3e0-7b5bdd6c6be5,42,2025-10-12 21:19:30.069026,100,17,2 min and 1 RL evolution strategy player,91,8047,RL ES player 1 - learner,RLEvolutionStrategyPlayer,RLEvolutionStrategyChooseCardStrategy,MinPointsChooseRowStrategy,True,45,13,10,3,19
6d487bfb-a76b-41a6-b3e0-7b5bdd6c6be5,42,2025-10-12 21:19:30.069026,100,17,2 min and 1 RL evolution strategy player,92,8417,Min player 1,MinPlayer,LevelChooseCardStrategy,MinPointsChooseRowStrategy,False,53,17,7,21,8
6d487bfb-a76b-41a6-b3e0-7b5bdd6c6be5,42,2025-10-12 21:19:30.069026,100,17,2 min and 1 RL evolution strategy player,92,8417,Min player 2,MinPlayer,LevelChooseCardStrategy,MinPointsChooseRowStrategy,False,62,24,9,15,14
6d487bfb-a76b-41a6-b3e0-7b5bdd6c6be5,42,2025-10-12 21:19:30.069026,100,17,2 min and 1 RL evolution strategy player,92,8417,RL ES player 1 - learner,RLEvolutionStrategyPlayer,RLEvolutionStrategyChooseCardStrategy,MinPointsChooseRowStrategy,True,38,10,14,5,9
6d487bfb-a76b-41a6-b3e0-7b5bdd6c6be5,42,2025-10-12 21:19:30.069026,100,17,2 min and 1 RL evolution strategy player,93,3875,Min player 1,MinPlayer,LevelChooseCardStrategy,MinPointsChooseRowStrategy,False,59,18,19,21,1
6d487bfb-a76b-41a6-b3e0-7b5bdd6c6be5,42,2025-10-12 21:19:30.069026,100,17,2 min and 1 RL evolution strategy player,93,3875,Min player 2,MinPlayer,LevelChooseCardStrategy,MinPointsChooseRowStrategy,False,56,0,12,17,27
6d487bfb-a76b-41a6-b3e0-7b5bdd6c6be5,42,2025-10-12 21:19:30.069026,100,17,2 min and 1 RL evolution strategy player,93,3875,RL ES player 1 - learner,RLEvolutionStrategyPlayer,RLEvolutionStrategyChooseCardStrategy,MinPointsChooseRowStrategy,True,37,14,9,3,11
6d487bfb-a76b-41a6-b3e0-7b5bdd6c6be5,42,2025-10-12 21:19:30.069026,100,17,2 min and 1 RL evolution strategy player,94,8980,Min player 1,MinPlayer,LevelChooseCardStrategy,MinPointsChooseRowStrategy,True,41,13,11,17,0
6d487bfb-a76b-41a6-b3e0-7b5bdd6c6be5,42,2025-10-12 21:19:30.069026,100,17,2 min and 1 RL evolution strategy player,94,8980,Min player 2,MinPlayer,LevelChooseCardStrategy,MinPointsChooseRowStrategy,False,42,1,15,3,23
6d487bfb-a76b-41a6-b3e0-7b5bdd6c6be5,42,2025-10-12 21:19:30.069026,100,17,2 min and 1 RL evolution strategy player,94,8980,RL ES player 1 - learner,RLEvolutionStrategyPlayer,RLEvolutionStrategyChooseCardStrategy,MinPointsChooseRowStrategy,False,67,19,18,12,18
6d487bfb-a76b-41a6-b3e0-7b5bdd6c6be5,42,2025-10-12 21:19:30.069026,100,17,2 min and 1 RL evolution strategy player,95,2883,Min player 1,MinPlayer,LevelChooseCardStrategy,MinPointsChooseRowStrategy,False,80,13,27,14,26
6d487bfb-a76b-41a6-b3e0-7b5bdd6c6be5,42,2025-10-12 21:19:30.069026,100,17,2 min and 1 RL evolution strategy player,95,2883,Min player 2,MinPlayer,LevelChooseCardStrategy,MinPointsChooseRowStrategy,False,44,11,13,7,13
6d487bfb-a76b-41a6-b3e0-7b5bdd6c6be5,42,2025-10-12 21:19:30.069026,100,17,2 min and 1 RL evolution strategy player,95,2883,RL ES player 1 - learner,RLEvolutionStrategyPlayer,RLEvolutionStrategyChooseCardStrategy,MinPointsChooseRowStrategy,True,26,3,3,11,9
6d487bfb-a76b-41a6-b3e0-7b5bdd6c6be5,42,2025-10-12 21:19:30.069026,100,17,2 min and 1 RL evolution strategy player,96,2396,Min player 1,MinPlayer,LevelChooseCardStrategy,MinPointsChooseRowStrategy,True,33,1,6,9,17
6d487bfb-a76b-41a6-b3e0-7b5bdd6c6be5,42,2025-10-12 21:19:30.069026,100,17,2 min and 1 RL evolution strategy player,96,2396,Min player 2,MinPlayer,LevelChooseCardStrategy,MinPointsChooseRowStrategy,False,59,20,5,14,20
6d487bfb-a76b-41a6-b3e0-7b5bdd6c6be5,42,2025-10-12 21:19:30.069026,100,17,2 min and 1 RL evolution strategy player,96,2396,RL ES player 1 - learner,RLEvolutionStrategyPlayer,RLEvolutionStrategyChooseCardStrategy,MinPointsChooseRowStrategy,False,46,18,16,11,1
6d487bfb-a76b-41a6-b3e0-7b5bdd6c6be5,42,2025-10-12 21:19:30.069026,100,17,2 min and 1 RL evolution strategy player,97,6825,Min player 1,MinPlayer,LevelChooseCardStrategy,MinPointsChooseRowStrategy,True,39,15,0,17,7
6d487bfb-a76b-41a6-b3e0-7b5bdd6c6be5,42,2025-10-12 21:19:30.069026,100,17,2 min and 1 RL evolution strategy player,97,6825,Min player 2,MinPlayer,LevelChooseCardStrategy,MinPointsChooseRowStrategy,False,49,5,16,9,19
6d487bfb-a76b-41a6-b3e0-7b5bdd6c6be5,42,2025-10-12 21:19:30.069026,100,17,2 min and 1 RL evolution strategy player,97,6825,RL ES player 1 - learner,RLEvolutionStrategyPlayer,RLEvolutionStrategyChooseCardStrategy,MinPointsChooseRowStrategy,False,52,21,10,18,3
6d487bfb-a76b-41a6-b3e0-7b5bdd6c6be5,42,2025-10-12 21:19:30.069026,100,17,2 min and 1 RL evolution strategy player,98,6367,Min player 1,MinPlayer,LevelChooseCardStrategy,MinPointsChooseRowStrategy,False,58,24,11,8,15
6d487bfb-a76b-41a6-b3e0-7b5bdd6c6be5,42,2025-10-12 21:19:30.069026,100,17,2 min and 1 RL evolution strategy player,98,6367,Min player 2,MinPlayer,LevelChooseCardStrategy,MinPointsChooseRowStrategy,False,65,2,34,24,5
6d487bfb-a76b-41a6-b3e0-7b5bdd6c6be5,42,2025-10-12 21:19:30.069026,100,17,2 min and 1 RL evolution strategy player,98,6367,RL ES player 1 - learner,RLEvolutionStrategyPlayer,RLEvolutionStrategyChooseCardStrategy,MinPointsChooseRowStrategy,True,38,13,1,10,14
6d487bfb-a76b-41a6-b3e0-7b5bdd6c6be5,42,2025-10-12 21:19:30.069026,100,17,2 min and 1 RL evolution strategy player,99,1398,Min player 1,MinPlayer,LevelChooseCardStrategy,MinPointsChooseRowStrategy,True,34,13,5,9,7
6d487bfb-a76b-41a6-b3e0-7b5bdd6c6be5,42,2025-10-12 21:19:30.069026,100,17,2 min and 1 RL evolution strategy player,99,1398,Min player 2,MinPlayer,LevelChooseCardStrategy,MinPointsChooseRowStrategy,False,51,2,21,9,19
6d487bfb-a76b-41a6-b3e0-7b5bdd6c6be5,42,2025-10-12 21:19:30.069026,100,17,2 min and 1 RL evolution strategy player,99,1398,RL ES player 1 - learner,RLEvolutionStrategyPlayer,RLEvolutionStrategyChooseCardStrategy,MinPointsChooseRowStrategy,False,51,16,7,20,8
